entry_uuid,tag
9f8d8358-86c0-4f28-b4a8-decabbeeaddf,App\Models\User
9f8d8358-9059-4765-a938-3435f435ff38,Auth:2
9f8d8358-b34b-4d3a-9cab-26c5949f4b81,Auth:2
9f8d8358-b59c-48b0-adae-580591b14abc,Auth:2
9f8d8358-b605-48bc-be35-61dc9c3bb3c9,Auth:2
9f8d8358-b676-4511-86df-d2ae96683513,Auth:2
9f8d8358-b69e-4af6-90f8-394de9a468bb,Auth:2
9f8d8358-b6b9-4f3e-9d13-ca4d356566a7,Auth:2
9f8d8358-b6cf-45b2-a9f5-fb756ca63898,Auth:2
9f8d8358-b6e7-4af7-a5e4-ac1e61e18504,Auth:2
9f8d8358-b746-4abd-90f1-220cb01a5467,Auth:2
9f8d8358-b7ac-43ed-8c09-276170cb94be,Auth:2
9f8d8358-b7d1-4d97-8a18-f9124c9dea4b,Auth:2
9f8d8358-c4c1-4220-b75c-c0253759cdf5,Auth:2
9f8d8358-c553-4e13-9506-6a223de3dc9c,Auth:2
9f8d8358-c576-405f-b2b7-bddebe6d51d1,Auth:2
9f8d8358-c58f-4248-8dbf-41f0acc1b8a3,Auth:2
9f8d8358-c5a3-4d0d-8aa2-e3d34553665b,Auth:2
9f8d8358-c945-4757-850e-059234c021c1,Auth:2
9f8d8358-cdb0-4cc1-a08f-e8499ffa0609,Auth:2
9f8d8358-cdeb-4219-b4c3-ebbeb346c391,Auth:2
9f8d8358-ce6f-4ea2-a8cc-10d12f545657,Auth:2
9f8d8358-ce97-4b82-86e6-c6f1d1329ed4,Auth:2
9f8d8358-ceba-44ea-9ff3-84a102c89d28,Auth:2
9f8d8358-d356-4f3d-b340-70f304b35a12,Auth:2
